{"geometry":[[-5.434567,11.87761,0.0],[-4.314037,15.35125,0.0],[3.193508,7.320791,0.0],[14.697608,9.225690999999999,0.0],[12.307146,17.330852,0.0],[7.264764,18.451381,0.0],[4.127283,15.015091,0.0]],"type":"cpCurve","properties":{"degree":3}}